{
    "steps_taken": 9.256661228928765,
    "distance_to_goal": 5.759344616636447,
    "success": 0.4382816748232735,
    "oracle_success": 0.5274605764002175,
    "path_length": 12.247208422387644,
    "collisions": 0.07156436294173107,
    "spl": 0.3865953127030242,
    "ndtw": 0.5389812046406832
}