{
    "steps_taken": 8.418162044589451,
    "distance_to_goal": 6.204314112576164,
    "success": 0.4061990212071778,
    "oracle_success": 0.5160413268080478,
    "path_length": 10.897469080707483,
    "collisions": 0.06465308241055087,
    "spl": 0.35501181822860045,
    "ndtw": 0.5506243230031852
}